experiment,model,n,valid,invalid,anchor_f1,anchor_precision,anchor_recall,exact,hit_all,hit_mapped,joint100_f1,joint150_f1,joint200_f1,joint50_f1,margin_f1_0.5,margin_f1_1.0,margin_f1_2.0,mean_scene_normalized_error,micro_f1,micro_precision,micro_recall,missing,multi_count,parse_failures,point100_f1,point150_f1,point200_f1,point50_f1,single_count,temporal_f1
experiment1,Qwen3-VL-30B-A3B,4000,3970,30,,,,0.3204934541792548,0.766,0.771399798590131,,,,,,,,,0.5325880114176974,0.5517496303597832,0.5147126436781609,,,,,,,,,
experiment1,Qwen3-VL-8B,4000,3872,128,,,,0.23288016112789528,0.6625,0.6671701913393756,,,,,,,,,0.46228710462287104,0.5610236220472441,0.3931034482758621,,,,,,,,,
experiment1,InternVL3-38B,4000,3982,18,,,,0.25327291037260824,0.70925,0.7142497482376636,,,,,,,,,0.48266849212769936,0.5262586511059846,0.4457471264367816,,,,,,,,,
experiment2,Qwen3-VL-30B-A3B,4000,3964,36,,,,,,,0.2038314176245211,0.29319186560565874,0.3635720601237843,0.08004715590922487,,,,,,,,29,,7,0.24697907456528145,0.35531977600943115,0.43642793987621575,0.0959622752726201,,0.7332743884468022
experiment2,Qwen3-VL-8B,4000,3971,29,,,,,,,0.20021451555237754,0.29495888451912766,0.36336551066619,0.07901322845906328,,,,,,,,29,,0,0.23406030270527944,0.34107972828030036,0.4203313073531164,0.09307591467048028,,0.7455607198188535
experiment2,InternVL3-38B,4000,3971,29,,,,,,,0.09817903235311451,0.18280393659025282,0.2706111143850551,0.028522600035358593,,,,,,,,29,,0,0.12316577287995757,0.2279450763156344,0.33343155165301436,0.03618362897047558,,0.7320407802463316
experiment3,Qwen3-VL-30B-A3B,3971,3971,0,0.4257425742574258,0.4157328059767084,0.4362462531703943,0.01687232435154873,,,,,,,0.11394287472437312,0.2492179888210861,0.410748166760679,0.15902011855593232,,,,,2998,,,,,,973,
experiment3,Qwen3-VL-8B,3971,3971,0,0.41471881508909975,0.416260162601626,0.4131888402121282,0.0221606648199446,,,,,,,0.11269389047166824,0.24353698427772502,0.40086525271710455,0.1573124139676185,,,,,2998,,,,,,973,
experiment3,InternVL3-38B,3971,3971,0,0.3863252144511928,0.42277648348636426,0.35566059488125434,0.046839587005791994,,,,,,,0.10128267182962246,0.23015488867376574,0.390972894482091,0.16417674689657044,,,,,2998,,,,,,973,
