method,partition,samples,valid_rate,anchor_precision,anchor_recall,anchor_f1,exact_rate,margin_f1_0_5,margin_f1_1_0,margin_f1_2_0,mean_scene_norm_error,median_scene_norm_error,mean_euclidean_error,median_euclidean_error,invalid_count
qwen3vl30b_v9,overall,3971,1.0,0.4157328059767084,0.4362462531703943,0.4257425742574258,0.01687232435154873,0.11394287472437312,0.2492179888210861,0.410748166760679,0.15902011855593232,0.07724248018471552,7.769467345251287,2.9983672752810264,0
gaze_copy,overall,3971,1.0,0.41747034696818536,0.43417108600415033,0.42565696524441937,0.040795769327625284,0.11626180120929246,0.2535271030020155,0.41964569852551187,0.1540632638509412,0.07580880312061536,7.715284594247358,3.0060456011187164,0
hand_copy,overall,3971,1.0,0.10352053646269908,0.08542771501037584,0.09360788276907529,0.0007554772097708386,0.0012638896203064933,0.007162041181736795,0.03349307493812207,0.8322329767691912,0.3586067240465929,23.64663663914959,18.12731458102332,0
gaze_hand_fusion,overall,3971,1.0,0.3677147239263804,0.4422411805395435,0.4015492515440176,0.008310249307479225,0.1054328708227477,0.22972444791870233,0.38430721125659567,0.22350572648747552,0.08416319873929118,8.10604779863776,3.1774606265599052,0
