method,partition,samples,valid_rate,anchor_precision,anchor_recall,anchor_f1,exact_rate,margin_f1_0_5,margin_f1_1_0,margin_f1_2_0,mean_scene_norm_error,median_scene_norm_error,mean_euclidean_error,median_euclidean_error,invalid_count
qwen3vl30b_v9,single_target,973,1.0,0.31130690161527164,0.6536485097636177,0.42175066312997345,0.003083247687564234,0.0988550684166434,0.21837475565484504,0.35688355208042444,0.09976075440628122,0.045904578402169965,4.3215126313192345,2.0933118199307432,0
qwen3vl30b_v9,multi_target,2998,1.0,0.4459555177787222,0.40877808076873134,0.42655826558265586,0.02134756504336224,0.11733668341708543,0.25615577889447233,0.42286432160804016,0.1673247939581519,0.08415284208686781,8.253767074345461,3.1511478936745805,0
gaze_copy,single_target,973,1.0,0.3163163163163163,0.6495375128468653,0.4254459777852575,0.06372045220966084,0.09996988858777475,0.22944896115627825,0.38181270701595904,0.10041636054950373,0.047848972523942504,4.3039827756197715,2.091817901705747,0
gaze_copy,multi_target,2998,1.0,0.4462480421472305,0.4069601350473964,0.42569953816897577,0.0333555703802535,0.11974505890684349,0.2586750788643533,0.42773450074035924,0.16177010526719673,0.08192366503145049,8.20615212031247,3.163593509693645,0
hand_copy,single_target,973,1.0,0.044444444444444446,0.07605344295991778,0.05610310841546626,0.0020554984583761563,0.0005836008170411439,0.0029180040852057193,0.01634082287715203,0.9646840989877898,0.34759835398593425,23.143357438961946,17.021970793991517,0
hand_copy,multi_target,2998,1.0,0.1214272710722738,0.08661212829502662,0.10110656358951038,0.000333555703802535,0.0014137000385554556,0.008096645675363064,0.03727027374373474,0.8131967962789849,0.36133128579473617,23.719130943167126,18.226085051216064,0
gaze_hand_fusion,single_target,973,1.0,0.25811688311688313,0.6536485097636177,0.37009019493744544,0.0,0.0859658208182289,0.1978249611600207,0.3298808907301916,0.09979897482060128,0.0478234860199161,4.292482051524125,2.0823026751070115,0
gaze_hand_fusion,multi_target,2998,1.0,0.40160642570281124,0.4155304505908324,0.4084498053481396,0.011007338225483656,0.109960255329399,0.2371432012525593,0.3969649524268336,0.24012407100934058,0.09299742971080995,8.619921284683741,3.4211462756907505,0
