{
  "overall": {
    "partition": "overall",
    "total_samples": 3971,
    "valid_output_count": 3971,
    "invalid_output_count": 0,
    "valid_output_rate": 1.0,
    "anchor_set_precision_micro": 0.41747034696818536,
    "anchor_set_recall_micro": 0.43417108600415033,
    "anchor_set_f1_micro": 0.42565696524441937,
    "anchor_set_exact_rate": 0.040795769327625284,
    "mean_cardinality_error": 0.8567111558801309,
    "duplicate_nearest_anchor_rate": 0.11731898238747554,
    "mean_matched_margin_error": 3.686809664555186,
    "median_matched_margin_error": 1.943609769596333,
    "mean_matched_euclidean_error": 7.715284594247358,
    "median_matched_euclidean_error": 3.0060456011187164,
    "mean_scene_normalized_error": 0.1540632638509412,
    "median_scene_normalized_error": 0.07580880312061536,
    "margin_undefined_gt_count": 40,
    "margin_f1_at_0_5": 0.11626180120929246,
    "margin_f1_at_1_0": 0.2535271030020155,
    "margin_f1_at_2_0": 0.41964569852551187
  },
  "per_scene": {
    "scene1": {
      "partition": "scene1",
      "total_samples": 800,
      "valid_output_count": 800,
      "invalid_output_count": 0,
      "valid_output_rate": 1.0,
      "anchor_set_precision_micro": 0.43787962451684154,
      "anchor_set_recall_micro": 0.47771084337349395,
      "anchor_set_f1_micro": 0.4569288389513108,
      "anchor_set_exact_rate": 0.0125,
      "mean_cardinality_error": 1.05125,
      "duplicate_nearest_anchor_rate": 0.22174473571121617,
      "mean_matched_margin_error": 3.5105524641835575,
      "median_matched_margin_error": 1.9338962191736844,
      "mean_matched_euclidean_error": 19.090928948021453,
      "median_matched_euclidean_error": 8.446152059192512,
      "mean_scene_normalized_error": 0.15805701013252768,
      "median_scene_normalized_error": 0.07244607919437238,
      "margin_undefined_gt_count": 0,
      "margin_f1_at_0_5": 0.09781790820165538,
      "margin_f1_at_1_0": 0.2478053674441936,
      "margin_f1_at_2_0": 0.400300978179082
    },
    "scene2": {
      "partition": "scene2",
      "total_samples": 791,
      "valid_output_count": 791,
      "invalid_output_count": 0,
      "valid_output_rate": 1.0,
      "anchor_set_precision_micro": 0.24,
      "anchor_set_recall_micro": 0.2305327868852459,
      "anchor_set_f1_micro": 0.23517115233864644,
      "anchor_set_exact_rate": 0.0050568900126422255,
      "mean_cardinality_error": 0.9721871049304678,
      "duplicate_nearest_anchor_rate": 0.047739969527679026,
      "mean_matched_margin_error": 7.973896832400339,
      "median_matched_margin_error": 4.27464236040495,
      "mean_matched_euclidean_error": 2.936288507098295,
      "median_matched_euclidean_error": 1.824857040913954,
      "mean_scene_normalized_error": 0.21362712539303044,
      "median_scene_normalized_error": 0.13840203017880526,
      "margin_undefined_gt_count": 0,
      "margin_f1_at_0_5": 0.01122162713593471,
      "margin_f1_at_1_0": 0.046926804386636066,
      "margin_f1_at_2_0": 0.16883448099974496
    },
    "scene3": {
      "partition": "scene3",
      "total_samples": 800,
      "valid_output_count": 800,
      "invalid_output_count": 0,
      "valid_output_rate": 1.0,
      "anchor_set_precision_micro": 0.4817773339990015,
      "anchor_set_recall_micro": 0.5171489817792069,
      "anchor_set_f1_micro": 0.49883690876195397,
      "anchor_set_exact_rate": 0.02375,
      "mean_cardinality_error": 0.89,
      "duplicate_nearest_anchor_rate": 0.07354301572617947,
      "mean_matched_margin_error": 1.9447832354613437,
      "median_matched_margin_error": 1.2493270040157851,
      "mean_matched_euclidean_error": 8.07178110166383,
      "median_matched_euclidean_error": 3.5941226063172182,
      "mean_scene_normalized_error": 0.11680107887347044,
      "median_scene_normalized_error": 0.0572145798978384,
      "margin_undefined_gt_count": 0,
      "margin_f1_at_0_5": 0.13008937437934456,
      "margin_f1_at_1_0": 0.3440913604766634,
      "margin_f1_at_2_0": 0.5670307845084408
    },
    "scene4_room1": {
      "partition": "scene4_room1",
      "total_samples": 186,
      "valid_output_count": 186,
      "invalid_output_count": 0,
      "valid_output_rate": 1.0,
      "anchor_set_precision_micro": 0.4818941504178273,
      "anchor_set_recall_micro": 0.49855907780979825,
      "anchor_set_f1_micro": 0.4900849858356941,
      "anchor_set_exact_rate": 0.13440860215053763,
      "mean_cardinality_error": 0.6451612903225806,
      "duplicate_nearest_anchor_rate": 0.03234501347708895,
      "mean_matched_margin_error": 1.9508924178563636,
      "median_matched_margin_error": 1.377122499943344,
      "mean_matched_euclidean_error": 0.999020334861293,
      "median_matched_euclidean_error": 0.49119981840990284,
      "mean_scene_normalized_error": 0.14010014185553574,
      "median_scene_normalized_error": 0.0718226154031097,
      "margin_undefined_gt_count": 0,
      "margin_f1_at_0_5": 0.18662952646239556,
      "margin_f1_at_1_0": 0.3593314763231198,
      "margin_f1_at_2_0": 0.5793871866295265
    },
    "scene4_room2": {
      "partition": "scene4_room2",
      "total_samples": 200,
      "valid_output_count": 200,
      "invalid_output_count": 0,
      "valid_output_rate": 1.0,
      "anchor_set_precision_micro": 0.3229166666666667,
      "anchor_set_recall_micro": 0.32717678100263853,
      "anchor_set_f1_micro": 0.32503276539973786,
      "anchor_set_exact_rate": 0.105,
      "mean_cardinality_error": 0.565,
      "duplicate_nearest_anchor_rate": 0.025380710659898477,
      "mean_matched_margin_error": 3.278040936676006,
      "median_matched_margin_error": 2.4780178487603157,
      "mean_matched_euclidean_error": 3.00716140720199,
      "median_matched_euclidean_error": 0.7822220380715729,
      "mean_scene_normalized_error": 0.30615262117074177,
      "median_scene_normalized_error": 0.10971653644649758,
      "margin_undefined_gt_count": 36,
      "margin_f1_at_0_5": 0.02442333785617368,
      "margin_f1_at_1_0": 0.10040705563093623,
      "margin_f1_at_2_0": 0.2903663500678426
    },
    "scene4_room3": {
      "partition": "scene4_room3",
      "total_samples": 199,
      "valid_output_count": 199,
      "invalid_output_count": 0,
      "valid_output_rate": 1.0,
      "anchor_set_precision_micro": 0.5933014354066986,
      "anchor_set_recall_micro": 0.6526315789473685,
      "anchor_set_f1_micro": 0.6215538847117794,
      "anchor_set_exact_rate": 0.12562814070351758,
      "mean_cardinality_error": 0.6834170854271356,
      "duplicate_nearest_anchor_rate": 0.06696428571428571,
      "mean_matched_margin_error": 2.3690867278334253,
      "median_matched_margin_error": 1.4039601998037363,
      "mean_matched_euclidean_error": 0.9527784879797421,
      "median_matched_euclidean_error": 0.4676972948037452,
      "mean_scene_normalized_error": 0.1509484362217584,
      "median_scene_normalized_error": 0.07376604160440445,
      "margin_undefined_gt_count": 0,
      "margin_f1_at_0_5": 0.16425120772946858,
      "margin_f1_at_1_0": 0.3333333333333333,
      "margin_f1_at_2_0": 0.5072463768115942
    },
    "scene4_room4": {
      "partition": "scene4_room4",
      "total_samples": 199,
      "valid_output_count": 199,
      "invalid_output_count": 0,
      "valid_output_rate": 1.0,
      "anchor_set_precision_micro": 0.4316353887399464,
      "anchor_set_recall_micro": 0.40554156171284633,
      "anchor_set_f1_micro": 0.41818181818181815,
      "anchor_set_exact_rate": 0.10552763819095477,
      "mean_cardinality_error": 0.6130653266331658,
      "duplicate_nearest_anchor_rate": 0.02610966057441253,
      "mean_matched_margin_error": 3.425354432949074,
      "median_matched_margin_error": 1.7246297613280654,
      "mean_matched_euclidean_error": 1.308715932386575,
      "median_matched_euclidean_error": 0.5298484835730307,
      "mean_scene_normalized_error": 0.16221324541453638,
      "median_scene_normalized_error": 0.06851267704373522,
      "margin_undefined_gt_count": 4,