{
  "overall": {
    "partition": "overall",
    "total_samples": 4000,
    "valid_output_count": 4000,
    "invalid_output_count": 0,
    "valid_output_rate": 1.0,
    "anchor_set_precision_micro": 0.42556440178863564,
    "anchor_set_recall_micro": 0.4399098083427283,
    "anchor_set_f1_micro": 0.4326182160873663,
    "anchor_set_exact_rate": 0.0185,
    "mean_cardinality_error": 0.92975,
    "duplicate_nearest_anchor_rate": 0.16180638083919918,
    "mean_matched_margin_error": 3.66285730150671,
    "median_matched_margin_error": 1.9721475429585247,
    "mean_matched_euclidean_error": 7.65404078635049,
    "median_matched_euclidean_error": 2.9250738505574465,
    "mean_scene_normalized_error": 0.15690768904914107,
    "median_scene_normalized_error": 0.0765562442005291,
    "margin_undefined_gt_count": 40,
    "margin_f1_at_0_5": 0.11340988416207193,
    "margin_f1_at_1_0": 0.25029085942637463,
    "margin_f1_at_2_0": 0.41054175729677783
  },
  "per_scene": {
    "scene1": {
      "partition": "scene1",
      "total_samples": 800,
      "valid_output_count": 800,
      "invalid_output_count": 0,
      "valid_output_rate": 1.0,
      "anchor_set_precision_micro": 0.43293347873500543,
      "anchor_set_recall_micro": 0.4783132530120482,
      "anchor_set_f1_micro": 0.45449341728677733,
      "anchor_set_exact_rate": 0.01125,
      "mean_cardinality_error": 1.0775,
      "duplicate_nearest_anchor_rate": 0.22550675675675674,
      "mean_matched_margin_error": 3.549279592394902,
      "median_matched_margin_error": 1.9705655949073009,
      "mean_matched_euclidean_error": 19.233868046819598,
      "median_matched_euclidean_error": 8.525999635355516,
      "mean_scene_normalized_error": 0.15935398154870975,
      "median_scene_normalized_error": 0.07311832381333935,
      "margin_undefined_gt_count": 0,
      "margin_f1_at_0_5": 0.09731876861966236,
      "margin_f1_at_1_0": 0.24478649453823237,
      "margin_f1_at_2_0": 0.3957298907646475
    },
    "scene2": {
      "partition": "scene2",
      "total_samples": 800,
      "valid_output_count": 800,
      "invalid_output_count": 0,
      "valid_output_rate": 1.0,
      "anchor_set_precision_micro": 0.27839408346539884,
      "anchor_set_recall_micro": 0.2532436328688131,
      "anchor_set_f1_micro": 0.26522395571212887,
      "anchor_set_exact_rate": 0.00625,
      "mean_cardinality_error": 0.94875,
      "duplicate_nearest_anchor_rate": 0.06101190476190476,
      "mean_matched_margin_error": 7.576552776070405,
      "median_matched_margin_error": 4.240547241137683,
      "mean_matched_euclidean_error": 2.844753575748419,
      "median_matched_euclidean_error": 1.720041033877872,
      "mean_scene_normalized_error": 0.20671229793523163,
      "median_scene_normalized_error": 0.13149115267559358,
      "margin_undefined_gt_count": 0,
      "margin_f1_at_0_5": 0.010739565535757872,
      "margin_f1_at_1_0": 0.047351720771296076,
      "margin_f1_at_2_0": 0.16597510373443985
    },
    "scene3": {
      "partition": "scene3",
      "total_samples": 800,
      "valid_output_count": 800,
      "invalid_output_count": 0,
      "valid_output_rate": 1.0,
      "anchor_set_precision_micro": 0.47006432459178626,
      "anchor_set_recall_micro": 0.5091103965702036,
      "anchor_set_f1_micro": 0.4888088500128634,
      "anchor_set_exact_rate": 0.01875,
      "mean_cardinality_error": 0.9375,
      "duplicate_nearest_anchor_rate": 0.0805277525022748,
      "mean_matched_margin_error": 1.9734998830612007,
      "median_matched_margin_error": 1.2793351527554613,
      "mean_matched_euclidean_error": 8.391024575092901,
      "median_matched_euclidean_error": 3.634171540250712,
      "mean_scene_normalized_error": 0.12162164426045416,
      "median_scene_normalized_error": 0.057779960455328724,
      "margin_undefined_gt_count": 0,
      "margin_f1_at_0_5": 0.1235236220472441,
      "margin_f1_at_1_0": 0.3336614173228346,
      "margin_f1_at_2_0": 0.5541338582677166
    },
    "scene4_room1": {
      "partition": "scene4_room1",
      "total_samples": 200,
      "valid_output_count": 200,
      "invalid_output_count": 0,
      "valid_output_rate": 1.0,
      "anchor_set_precision_micro": 0.5578406169665809,
      "anchor_set_recall_micro": 0.5371287128712872,
      "anchor_set_f1_micro": 0.5472887767969736,
      "anchor_set_exact_rate": 0.04,
      "mean_cardinality_error": 0.815,
      "duplicate_nearest_anchor_rate": 0.20773930753564154,
      "mean_matched_margin_error": 1.9813528846553377,
      "median_matched_margin_error": 1.1581120119944739,
      "mean_matched_euclidean_error": 1.0660840655782295,
      "median_matched_euclidean_error": 0.5006998422621078,
      "mean_scene_normalized_error": 0.1493388489417707,
      "median_scene_normalized_error": 0.07492793665018077,
      "margin_undefined_gt_count": 0,
      "margin_f1_at_0_5": 0.1787709497206704,
      "margin_f1_at_1_0": 0.37988826815642457,
      "margin_f1_at_2_0": 0.5586592178770949
    },
    "scene4_room2": {
      "partition": "scene4_room2",
      "total_samples": 200,
      "valid_output_count": 200,
      "invalid_output_count": 0,
      "valid_output_rate": 1.0,
      "anchor_set_precision_micro": 0.3200992555831266,
      "anchor_set_recall_micro": 0.3403693931398417,
      "anchor_set_f1_micro": 0.329923273657289,
      "anchor_set_exact_rate": 0.025,
      "mean_cardinality_error": 0.84,
      "duplicate_nearest_anchor_rate": 0.1891348088531187,
      "mean_matched_margin_error": 3.5984274204789357,
      "median_matched_margin_error": 2.487380860777121,
      "mean_matched_euclidean_error": 2.9974293309378885,
      "median_matched_euclidean_error": 0.7779640149383307,
      "mean_scene_normalized_error": 0.34914279405607185,
      "median_scene_normalized_error": 0.10944044519903239,
      "margin_undefined_gt_count": 36,
      "margin_f1_at_0_5": 0.02142857142857143,
      "margin_f1_at_1_0": 0.09761904761904762,
      "margin_f1_at_2_0": 0.2595238095238095
    },
    "scene4_room3": {
      "partition": "scene4_room3",
      "total_samples": 200,
      "valid_output_count": 200,
      "invalid_output_count": 0,
      "valid_output_rate": 1.0,
      "anchor_set_precision_micro": 0.6050228310502284,
      "anchor_set_recall_micro": 0.6955380577427821,
      "anchor_set_f1_micro": 0.6471306471306472,
      "anchor_set_exact_rate": 0.04,
      "mean_cardinality_error": 1.025,
      "duplicate_nearest_anchor_rate": 0.25,
      "mean_matched_margin_error": 2.26856863558824,
      "median_matched_margin_error": 1.0798318232476856,
      "mean_matched_euclidean_error": 0.8503194777330048,
      "median_matched_euclidean_error": 0.42346901238466433,
      "mean_scene_normalized_error": 0.13591099087211955,
      "median_scene_normalized_error": 0.06641943561340463,
      "margin_undefined_gt_count": 0,
      "margin_f1_at_0_5": 0.16373056994818655,
      "margin_f1_at_1_0": 0.3626943005181347,
      "margin_f1_at_2_0": 0.5367875647668393
    },
    "scene4_room4": {
      "partition": "scene4_room4",
      "total_samples": 200,
      "valid_output_count": 200,
      "invalid_output_count": 0,
      "valid_output_rate": 1.0,
      "anchor_set_precision_micro": 0.43523316062176165,
      "anchor_set_recall_micro": 0.4221105527638191,
      "anchor_set_f1_micro": 0.42857142857142855,
      "anchor_set_exact_rate": 0.015,
      "mean_cardinality_error": 0.705,
      "duplicate_nearest_anchor_rate": 0.15904139433551198,
      "mean_matched_margin_error": 3.4464072520728535,
      "median_matched_margin_error": 1.8267413410407818,
      "mean_matched_euclidean_error": 1.3033213040644238,
      "median_matched_euclidean_error": 0.5438392518800652,
      "mean_scene_normalized_error": 0.16240352159796764,
      "median_scene_normalized_error": 0.07016155333294706,
      "margin_undefined_gt_count": 4,
      "margin_f1_at_0_5": 0.07033997655334116,
      "margin_f1_at_1_0": 0.26025791324736225,
      "margin_f1_at_2_0": 0.4337631887456037
    },