{
  "overall": {
    "partition": "overall",
    "total_samples": 4000,
    "valid_output_count": 4000,
    "invalid_output_count": 0,
    "valid_output_rate": 1.0,
    "anchor_set_precision_micro": 0.42728272827282726,
    "anchor_set_recall_micro": 0.437880496054115,
    "anchor_set_f1_micro": 0.4325167037861915,
    "anchor_set_exact_rate": 0.0435,
    "mean_cardinality_error": 0.854,
    "duplicate_nearest_anchor_rate": 0.11627454792922419,
    "mean_matched_margin_error": 3.6010121126569556,
    "median_matched_margin_error": 1.9501062831656961,
    "mean_matched_euclidean_error": 7.6020439523907575,
    "median_matched_euclidean_error": 2.9307367560503073,
    "mean_scene_normalized_error": 0.15187619263041682,
    "median_scene_normalized_error": 0.07535487709109139,
    "margin_undefined_gt_count": 40,
    "margin_f1_at_0_5": 0.1156099602427286,
    "margin_f1_at_1_0": 0.2546557857292321,
    "margin_f1_at_2_0": 0.4193345888261143
  },
  "per_scene": {
    "scene1": {
      "partition": "scene1",
      "total_samples": 800,
      "valid_output_count": 800,
      "invalid_output_count": 0,
      "valid_output_rate": 1.0,
      "anchor_set_precision_micro": 0.43787962451684154,
      "anchor_set_recall_micro": 0.47771084337349395,
      "anchor_set_f1_micro": 0.4569288389513108,
      "anchor_set_exact_rate": 0.0125,
      "mean_cardinality_error": 1.05125,
      "duplicate_nearest_anchor_rate": 0.22174473571121617,
      "mean_matched_margin_error": 3.5105524641835575,
      "median_matched_margin_error": 1.9338962191736844,
      "mean_matched_euclidean_error": 19.090928948021453,
      "median_matched_euclidean_error": 8.446152059192512,
      "mean_scene_normalized_error": 0.15805701013252768,
      "median_scene_normalized_error": 0.07244607919437238,
      "margin_undefined_gt_count": 0,
      "margin_f1_at_0_5": 0.09781790820165538,
      "margin_f1_at_1_0": 0.2478053674441936,
      "margin_f1_at_2_0": 0.400300978179082
    },
    "scene2": {
      "partition": "scene2",
      "total_samples": 800,
      "valid_output_count": 800,
      "invalid_output_count": 0,
      "valid_output_rate": 1.0,
      "anchor_set_precision_micro": 0.2751183587585481,
      "anchor_set_recall_micro": 0.2513214800576646,
      "anchor_set_f1_micro": 0.2626820693119035,
      "anchor_set_exact_rate": 0.0075,
      "mean_cardinality_error": 0.96875,
      "duplicate_nearest_anchor_rate": 0.04568273092369478,
      "mean_matched_margin_error": 7.479245324221399,
      "median_matched_margin_error": 4.182277758644924,
      "mean_matched_euclidean_error": 2.805825666901014,
      "median_matched_euclidean_error": 1.6903608949695077,
      "mean_scene_normalized_error": 0.20327602635978803,
      "median_scene_normalized_error": 0.1282741199535334,
      "margin_undefined_gt_count": 0,
      "margin_f1_at_0_5": 0.01080284802356985,
      "margin_f1_at_1_0": 0.04763073901301253,
      "margin_f1_at_2_0": 0.16498895163270313
    },
    "scene3": {
      "partition": "scene3",
      "total_samples": 800,
      "valid_output_count": 800,
      "invalid_output_count": 0,
      "valid_output_rate": 1.0,
      "anchor_set_precision_micro": 0.4817773339990015,
      "anchor_set_recall_micro": 0.5171489817792069,
      "anchor_set_f1_micro": 0.49883690876195397,
      "anchor_set_exact_rate": 0.02375,
      "mean_cardinality_error": 0.89,
      "duplicate_nearest_anchor_rate": 0.07354301572617947,
      "mean_matched_margin_error": 1.9447832354613437,
      "median_matched_margin_error": 1.2493270040157851,
      "mean_matched_euclidean_error": 8.07178110166383,
      "median_matched_euclidean_error": 3.5941226063172182,
      "mean_scene_normalized_error": 0.11680107887347044,
      "median_scene_normalized_error": 0.0572145798978384,
      "margin_undefined_gt_count": 0,
      "margin_f1_at_0_5": 0.13008937437934456,
      "margin_f1_at_1_0": 0.3440913604766634,
      "margin_f1_at_2_0": 0.5670307845084408
    },
    "scene4_room1": {
      "partition": "scene4_room1",
      "total_samples": 200,
      "valid_output_count": 200,
      "invalid_output_count": 0,
      "valid_output_rate": 1.0,
      "anchor_set_precision_micro": 0.5581395348837209,
      "anchor_set_recall_micro": 0.5346534653465347,
      "anchor_set_f1_micro": 0.5461441213653603,
      "anchor_set_exact_rate": 0.175,
      "mean_cardinality_error": 0.615,
      "duplicate_nearest_anchor_rate": 0.03007518796992481,
      "mean_matched_margin_error": 1.7136244993064116,
      "median_matched_margin_error": 1.0511644374993954,
      "mean_matched_euclidean_error": 0.9324305075710764,
      "median_matched_euclidean_error": 0.47560889507977105,
      "mean_scene_normalized_error": 0.13007345560550482,
      "median_scene_normalized_error": 0.06908873334616275,
      "margin_undefined_gt_count": 0,
      "margin_f1_at_0_5": 0.18679950186799502,
      "margin_f1_at_1_0": 0.4159402241594022,
      "margin_f1_at_2_0": 0.6176836861768368
    },
    "scene4_room2": {
      "partition": "scene4_room2",
      "total_samples": 200,
      "valid_output_count": 200,
      "invalid_output_count": 0,
      "valid_output_rate": 1.0,
      "anchor_set_precision_micro": 0.3229166666666667,
      "anchor_set_recall_micro": 0.32717678100263853,
      "anchor_set_f1_micro": 0.32503276539973786,
      "anchor_set_exact_rate": 0.105,
      "mean_cardinality_error": 0.565,
      "duplicate_nearest_anchor_rate": 0.025380710659898477,
      "mean_matched_margin_error": 3.278040936676006,
      "median_matched_margin_error": 2.4780178487603157,
      "mean_matched_euclidean_error": 3.00716140720199,
      "median_matched_euclidean_error": 0.7822220380715729,
      "mean_scene_normalized_error": 0.30615262117074177,
      "median_scene_normalized_error": 0.10971653644649758,
      "margin_undefined_gt_count": 36,
      "margin_f1_at_0_5": 0.02442333785617368,
      "margin_f1_at_1_0": 0.10040705563093623,
      "margin_f1_at_2_0": 0.2903663500678426
    },
    "scene4_room3": {
      "partition": "scene4_room3",
      "total_samples": 200,
      "valid_output_count": 200,
      "invalid_output_count": 0,
      "valid_output_rate": 1.0,
      "anchor_set_precision_micro": 0.5914489311163895,
      "anchor_set_recall_micro": 0.6535433070866141,
      "anchor_set_f1_micro": 0.6209476309226932,
      "anchor_set_exact_rate": 0.125,
      "mean_cardinality_error": 0.69,
      "duplicate_nearest_anchor_rate": 0.06651884700665188,
      "mean_matched_margin_error": 2.3651636917090824,
      "median_matched_margin_error": 1.397789161524899,
      "mean_matched_euclidean_error": 0.951583791043997,
      "median_matched_euclidean_error": 0.46904265777743515,
      "mean_scene_normalized_error": 0.15076533300938644,
      "median_scene_normalized_error": 0.07389374347032251,
      "margin_undefined_gt_count": 0,
      "margin_f1_at_0_5": 0.16346153846153846,
      "margin_f1_at_1_0": 0.3317307692307693,
      "margin_f1_at_2_0": 0.5072115384615384
    },
    "scene4_room4": {
      "partition": "scene4_room4",
      "total_samples": 200,
      "valid_output_count": 200,
      "invalid_output_count": 0,
      "valid_output_rate": 1.0,
      "anchor_set_precision_micro": 0.42933333333333334,
      "anchor_set_recall_micro": 0.4045226130653266,
      "anchor_set_f1_micro": 0.41655886157826655,
      "anchor_set_exact_rate": 0.105,
      "mean_cardinality_error": 0.615,
      "duplicate_nearest_anchor_rate": 0.025974025974025976,
      "mean_matched_margin_error": 3.4201464065488567,
      "median_matched_margin_error": 1.7260837939031926,
      "mean_matched_euclidean_error": 1.3063450907378118,
      "median_matched_euclidean_error": 0.5323840293987716,
      "mean_scene_normalized_error": 0.161929654376611,
      "median_scene_normalized_error": 0.06857043997144559,
      "margin_undefined_gt_count": 4,
      "margin_f1_at_0_5": 0.051347881899871634,
      "margin_f1_at_1_0": 0.25930680359435176,